	0
0	0
1	1
2	2
3	3
4	4
5	5
6	6
7	7
8	8
9	9
10	10
11	11
12	12
13	13
14	15
15	16
16	17
17	18
18	19
19	20
20	21
21	22
22	23
23	24
24	25
25	26
26	27
27	28
28	29
29	30
30	31
31	32
32	33
33	34
34	35
35	36
36	37
37	38
38	39
39	40
40	41
41	42
42	43
43	44
44	45
45	46
46	47
47	48
48	49
49	50
50	51
51	52
52	53
53	54
54	55
55	56
56	57
57	58
58	59
59	60
60	61
61	62
62	63
63	64
64	67
65	68
66	69
67	70
68	71
69	72
70	73
71	74
72	76
73	79
74	80
75	81
76	83
77	84
78	86
79	87
80	88
81	89
82	90
83	91
84	92
85	93
86	94
87	95
88	96
89	97
90	98
91	99
92	101
93	104
94	105
95	107
96	108
97	109
98	110
99	111
100	112
101	113
102	115
103	116
104	118
105	119
106	121
107	122
108	123
109	124
110	125
111	126
112	127
113	128
114	129
115	130
116	131
117	135
118	136
119	137
120	138
121	139
122	140
123	141
124	142
125	143
126	144
127	145
128	146
129	147
130	148
131	149
132	150
133	151
134	152
135	153
136	155
137	156
138	157
139	158
140	159
141	160
142	161
143	162
144	163
145	164
146	165
147	166
148	168
149	169
150	172
151	173
152	174
153	175
154	176
155	177
156	178
157	179
158	180
159	181
160	182
161	183
162	184
163	185
164	186
165	187
166	188
167	189
168	190
169	191
170	192
171	193
172	194
173	195
174	196
175	197
176	198
177	199
178	200
179	201
180	202
181	203
182	204
183	205
184	206
185	207
186	208
187	209
188	210
189	211
190	212
191	213
192	214
193	215
194	216
195	217
196	219
197	220
198	221
199	222
200	223
201	224
202	225
203	226
204	227
205	228
206	229
207	230
208	231
209	232
210	233
211	234
212	235
213	236
214	238
215	239
216	240
217	241
218	242
219	243
220	244
221	245
222	246
223	247
224	248
225	249
226	250
227	251
228	254
229	255
230	256
231	257
232	258
233	259
234	260
235	261
236	262
237	263
238	264
239	265
240	266
241	267
242	272
243	273
244	274
245	275
246	276
247	277
248	278
249	279
250	280
251	281
252	282
253	283
254	284
255	285
256	286
257	287
258	289
259	290
260	297
261	300
262	301
263	302
264	303
265	304
266	305
267	306
268	307
269	308
270	309
271	310
272	311
273	312
274	313
275	314
276	315
277	316
278	318
279	319
280	320
281	321
282	322
283	323
284	324
285	325
286	326
287	327
288	328
289	329
290	330
291	331
292	332
293	333
294	334
295	335
296	336
297	337
298	338
299	339
300	340
301	341
302	342
303	343
304	344
305	345
306	346
307	347
308	348
309	349
310	350
311	351
312	352
313	353
314	354
315	355
316	356
317	357
318	358
319	360
320	362
321	363
322	364
323	365
324	366
325	367
326	368
327	369
328	370
329	371
330	372
331	373
332	374
333	375
334	378
335	379
336	380
337	381
338	382
339	383
340	384
341	385
342	386
343	387
344	388
345	389
346	390
347	391
348	392
349	394
350	395
351	396
352	397
353	398
354	399
355	400
356	401
357	402
358	404
359	405
360	406
361	407
362	408
363	409
364	410
365	411
366	412
367	413
368	414
369	415
370	416
371	417
372	418
373	419
374	420
375	421
376	422
377	423
378	424
379	425
380	426
381	427
382	428
383	429
384	430
385	431
386	432
387	433
388	434
389	435
390	436
391	437
392	438
393	439
394	440
395	441
396	442
397	443
398	444
399	445
400	446
401	447
402	448
403	449
404	450
405	451
406	452
407	453
408	454
409	455
410	456
411	457
412	459
413	460
414	461
415	462
416	463
417	464
418	465
419	466
420	467
421	468
422	469
423	470
424	471
425	472
426	473
427	474
428	475
429	476
430	477
431	478
432	479
433	480
434	481
435	482
436	483
437	484
438	485
439	486
440	487
441	488
442	491
443	492
444	494
445	495
446	496
447	497
448	498
449	499
450	500
451	501
452	502
453	503
454	504
455	505
456	506
457	507
458	508
459	509
460	510
461	511
462	512
463	513
464	514
465	515
466	516
467	517
468	518
469	519
470	520
471	521
472	522
473	523
474	524
475	525
476	526
477	527
478	528
479	529
480	530
481	531
482	532
483	533
484	534
485	537
486	538
487	539
488	540
489	542
490	543
491	544
492	546
493	547
494	548
495	549
496	550
497	551
498	552
499	553
500	554
501	555
502	556
503	557
504	558
505	559
506	560
507	561
508	562
509	563
510	565
511	566
512	567
513	568
514	569
515	570
516	571
517	572
518	573
519	574
520	575
521	576
522	577
523	578
524	579
525	580
526	581
527	582
528	583
529	584
530	585
531	586
532	588
533	589
534	590
535	591
536	592
537	593
538	594
539	595
540	596
541	597
542	598
543	599
544	600
545	601
546	605
547	606
548	608
549	609
550	610
551	611
552	612
553	613
554	614
555	615
556	616
557	617
558	618
559	619
560	620
561	621
562	622
563	624
564	625
565	626
566	627
567	628
568	630
569	631
570	634
571	635
572	636
573	637
574	638
575	639
576	640
577	641
578	642
579	643
580	644
581	645
582	646
583	647
584	648
585	649
586	650
587	652
588	654
589	655
590	656
591	657
592	659
593	660
594	662
595	663
596	665
597	666
598	667
599	668
600	669
601	670
602	671
603	672
604	674
605	676
606	677
607	678
608	679
609	680
610	681
611	683
612	684
613	685
614	686
615	687
616	690
617	691
618	692
619	693
620	694
621	695
622	697
623	700
624	701
625	702
626	703
627	704
628	705
629	706
630	707
631	708
632	709
633	710
634	711
635	712
636	713
637	714
638	715
639	716
640	718
641	719
642	720
643	721
644	722
645	723
646	724
647	725
648	726
649	727
650	728
651	729
652	730
653	734
654	735
655	736
656	737
657	738
658	739
659	740
660	741
661	744
662	745
663	746
664	747
665	749
666	750
667	751
668	752
669	753
670	758
671	759
672	760
673	761
674	762
675	764
676	765
677	773
678	774
679	775
680	777
681	778
682	779
683	780
684	781
685	782
686	783
687	784
688	785
689	786
690	787
691	788
692	789
693	790
694	791
695	792
696	793
697	794
698	795
699	796
700	797
701	798
702	800
703	801
704	802
705	803
706	804
707	805
708	806
709	807
710	812
711	813
712	815
713	822
714	823
715	824
716	826
717	828
718	832
719	833
720	835
721	838
722	841
723	842
724	844
725	846
726	848
727	850
728	851
729	852
730	853
731	854
732	855
733	856
734	857
735	858
736	859
737	860
738	861
739	862
740	863
741	865
742	866
743	867
744	868
745	869
746	871
747	872
748	873
749	874
750	875
751	878
752	879
753	886
754	887
755	888
756	889
757	899
758	900
759	901
760	902
761	903
762	904
763	906
764	907
765	909
766	910
767	911
768	912
769	914
770	916
771	917
772	918
773	921
774	922
775	923
776	924
777	927
778	928
779	929
780	930
781	931
782	932
783	933
784	934
785	944
786	945
787	946
788	947
789	948
790	949
791	950
792	951
793	955
794	956
795	957
796	958
797	959
798	960
799	961
800	962
801	963
802	964
803	965
804	967
805	968
806	969
807	970
808	971
809	972
810	973
811	974
812	975
813	976
814	977
815	979
816	980
817	981
818	982
819	983
820	984
821	985
822	986
823	987
824	988
825	989
826	990
827	991
828	993
829	994
830	996
831	997
832	998
833	999
834	1000
835	1001
836	1002
837	1003
838	1004
839	1005
840	1006
841	1007
842	1008
843	1009
844	1010
845	1011
846	1012
847	1013
848	1014
849	1015
850	1016
851	1017
852	1018
853	1020
854	1021
855	1022
856	1023
857	1025
858	1026
859	1027
860	1028
861	1030
862	1031
863	1032
864	1033
865	1034
866	1035
867	1036
868	1037
869	1038
870	1040
871	1041
872	1042
873	1043
874	1044
875	1045
876	1046
877	1047
878	1048
879	1049
880	1050
881	1051
882	1052
883	1054
884	1055
885	1056
886	1057
887	1059
888	1060
889	1061
890	1062
891	1063
892	1064
893	1065
894	1066
895	1067
896	1068
897	1069
898	1070
899	1071
900	1072
901	1074
902	1077
903	1078
904	1079
905	1080
906	1082
907	1083
908	1087
909	1089
910	1090
911	1092
912	1093
913	1110
914	1111
915	1117
916	1118
917	1121
918	1122
919	1123
920	1125
921	1126
922	1127
923	1131
924	1135
925	1136
926	1137
927	1141
928	1142
929	1143
930	1144
931	1145
932	1146
933	1147
934	1148
935	1149
936	1150
937	1151
938	1152
939	1153
940	1154
941	1155
942	1156
943	1157
944	1158
945	1159
946	1160
947	1161
948	1163
949	1165
950	1167
951	1181
952	1182
953	1183
954	1184
955	1185
956	1186
957	1187
958	1188
959	1189
960	1190
961	1191
962	1192
963	1193
964	1194
965	1195
966	1196
967	1197
968	1198
969	1199
970	1200
971	1201
972	1202
973	1203
974	1204
975	1205
976	1206
977	1207
978	1208
979	1209
980	1210
981	1211
982	1212
983	1213
984	1214
985	1215
986	1216
987	1217
988	1218
989	1220
990	1221
991	1225
992	1229
993	1236
994	1237
995	1238
996	1248
997	1251
998	1252
999	1253
1000	1255
1001	1257
1002	1259
1003	1261
1004	1268
1005	1270
1006	1272
1007	1274
1008	1276
1009	1278
1010	1280
1011	1281
1012	1282
1013	1283
1014	1284
1015	1285
1016	1289
1017	1291
1018	1293
1019	1294
1020	1295
1021	1297
1022	1299
1023	1300
1024	1301
1025	1302
1026	1304
1027	1305
1028	1306
1029	1308
1030	1309
1031	1310
1032	1311
1033	1312
1034	1313
1035	1314
1036	1315
1037	1316
1038	1317
1039	1318
1040	1319
1041	1320
1042	1321
1043	1322
1044	1323
1045	1324
1046	1325
1047	1326
1048	1327
1049	1330
1050	1331
1051	1333
1052	1335
1053	1336
1054	1337
1055	1339
1056	1340
1057	1341
1058	1342
1059	1343
1060	1344
1061	1345
1062	1346
1063	1347
1064	1348
1065	1349
1066	1350
1067	1351
1068	1354
1069	1356
1070	1357
1071	1358
1072	1359
1073	1360
1074	1361
1075	1362
1076	1363
1077	1364
1078	1365
1079	1366
1080	1367
1081	1368
1082	1369
1083	1370
1084	1371
1085	1372
1086	1373
1087	1374
1088	1375
1089	1376
1090	1377
1091	1378
1092	1379
1093	1380
1094	1381
1095	1382
1096	1383
1097	1384
1098	1385
1099	1386
1100	1387
1101	1388
1102	1389
1103	1390
1104	1391
1105	1392
1106	1393
1107	1394
1108	1395
1109	1396
1110	1397
1111	1398
1112	1399
1113	1400
1114	1401
1115	1402
1116	1403
1117	1404
1118	1405
1119	1406
1120	1407
1121	1408
1122	1409
1123	1410
1124	1411
1125	1412
1126	1413
1127	1414
1128	1415
1129	1416
1130	1417
1131	1418
1132	1419
1133	1420
1134	1421
1135	1422
1136	1423
1137	1424
1138	1425
1139	1426
1140	1427
1141	1428
1142	1429
1143	1430
1144	1431
1145	1432
1146	1433
1147	1434
1148	1435
1149	1436
1150	1437
1151	1438
1152	1439
1153	1440
1154	1441
1155	1442
1156	1443
1157	1444
1158	1445
1159	1446
1160	1447
1161	1448
1162	1449
1163	1450
1164	1451
1165	1452
1166	1453
1167	1454
1168	1455
1169	1456
1170	1457
1171	1458
1172	1459
1173	1460
1174	1461
1175	1462
1176	1463
1177	1464
1178	1465
1179	1466
1180	1467
1181	1468
1182	1469
1183	1470
1184	1471
1185	1472
1186	1473
1187	1474
1188	1475
1189	1476
1190	1477
1191	1478
1192	1479
1193	1480
1194	1481
1195	1482
1196	1483
1197	1484
1198	1485
1199	1486
1200	1487
1201	1488
1202	1489
1203	1490
1204	1491
1205	1492
1206	1493
1207	1494
1208	1495
1209	1496
1210	1497
1211	1498
1212	1499
1213	1500
1214	1501
1215	1502
1216	1503
1217	1504
1218	1505
1219	1506
1220	1507
1221	1508
1222	1509
1223	1510
1224	1511
1225	1512
1226	1513
1227	1514
1228	1515
1229	1516
1230	1517
1231	1518
1232	1519
1233	1520
1234	1521
1235	1522
1236	1523
1237	1524
1238	1525
1239	1526
1240	1527
1241	1528
1242	1529
1243	1530
1244	1531
1245	1532
1246	1533
1247	1534
1248	1535
1249	1536
1250	1537
1251	1538
1252	1539
1253	1540
1254	1541
1255	1542
1256	1543
1257	1544
1258	1545
1259	1546
1260	1547
1261	1548
1262	1549
1263	1550
1264	1551
1265	1552
1266	1553
1267	1554
1268	1555
1269	1556
1270	1557
1271	1558
1272	1559
1273	1560
1274	1561
1275	1562
1276	1563
1277	1564
1278	1565
1279	1566
1280	1567
1281	1568
1282	1569
1283	1570
1284	1571
1285	1572
1286	1573
1287	1574
1288	1575
1289	1576
1290	1577
1291	1578
1292	1579
1293	1580
1294	1581
1295	1582
1296	1583
1297	1584
1298	1585
1299	1586
1300	1587
1301	1588
1302	1589
1303	1590
1304	1591
1305	1592
1306	1593
1307	1594
1308	1595
1309	1596
1310	1597
1311	1598
1312	1599
1313	1600
1314	1601
1315	1602
1316	1603
1317	1604
1318	1605
1319	1606
1320	1607
1321	1608
1322	1609
1323	1610
1324	1611
1325	1612
1326	1613
1327	1614
1328	1615
1329	1616
1330	1617
1331	1618
1332	1619
1333	1620
1334	1621
1335	1622
1336	1623
1337	1624
1338	1626
1339	1628
1340	1629
1341	1643
1342	1644
1343	1645
1344	1646
1345	1647
1346	1648
1347	1653
1348	1654
1349	1659
1350	1660
1351	1661
1352	1662
1353	1663
1354	1664
1355	1665
1356	1666
1357	1667
1358	1668
1359	1669
1360	1670
1361	1671
1362	1672
1363	1674
1364	1675
1365	1676
1366	1677
1367	1678
1368	1679
1369	1680
1370	1681
1371	1682
1372	1684
1373	1685
1374	1686
1375	1687
1376	1688
1377	1689
1378	1690
1379	1691
1380	1692
1381	1693
1382	1694
1383	1695
1384	1696
1385	1697
1386	1698
1387	1699
1388	1700
1389	1702
1390	1703
1391	1706
1392	1707
1393	1710
1394	1711
1395	1715
1396	1716
1397	1717
1398	1718
1399	1719
1400	1721
1401	1722
1402	1724
1403	1725
1404	1726
1405	1727
1406	1729
1407	1730
1408	1731
1409	1732
1410	1733
1411	1734
1412	1735
1413	1736
1414	1738
1415	1739
1416	1742
1417	1743
1418	1744
1419	1745
1420	1746
1421	1749
1422	1750
1423	1751
1424	1752
1425	1754
1426	1755
1427	1756
1428	1757
1429	1759
1430	1760
1431	1761
1432	1762
1433	1763
1434	1764
1435	1765
1436	1766
1437	1767
1438	1768
1439	1769
1440	1770
1441	1771
1442	1772
1443	1773
1444	1774
1445	1775
1446	1776
1447	1777
1448	1778
1449	1779
1450	1780
1451	1781
1452	1782
1453	1783
1454	1784
1455	1785
1456	1786
1457	1787
1458	1788
1459	1789
1460	1790
1461	1791
1462	1792
1463	1793
1464	1794
1465	1795
1466	1796
1467	1797
1468	1798
1469	1799
1470	1800
1471	1801
1472	1802
1473	1803
1474	1804
1475	1805
1476	1806
1477	1807
1478	1808
1479	1809
1480	1810
1481	1811
1482	1812
1483	1813
1484	1814
1485	1815
1486	1816
1487	1817
1488	1818
1489	1819
1490	1820
1491	1821
1492	1822
1493	1823
1494	1824
1495	1825
1496	1827
1497	1831
1498	1832
1499	1835
1500	1837
1501	1838
1502	1839
1503	1840
1504	1841
1505	1844
1506	1845
1507	1846
1508	1847
1509	1848
1510	1849
1511	1850
1512	1851
1513	1852
1514	1853
1515	1854
1516	1855
1517	1856
1518	1857
1519	1858
1520	1859
1521	1862
1522	1863
1523	1864
1524	1865
1525	1866
1526	1867
1527	1868
1528	1869
1529	1870
1530	1871
1531	1872
1532	1873
1533	1874
1534	1875
1535	1885
1536	1886
1537	1887
1538	1888
1539	1889
1540	1890
1541	1891
1542	1892
1543	1893
1544	1894
1545	1900
1546	1901
1547	1902
1548	1903
1549	1904
1550	1905
1551	1909
1552	1910
1553	1911
1554	1912
1555	1913
1556	1914
1557	1915
1558	1916
1559	1917
1560	1919
1561	1920
1562	1922
1563	1923
1564	1924
1565	1925
1566	1926
1567	1927
1568	1928
1569	1929
1570	1930
1571	1931
1572	1932
1573	1942
1574	1943
1575	1944
1576	1945
1577	1946
1578	1947
1579	1948
1580	1949
1581	1950
1582	1954
1583	1955
1584	1956
1585	1957
1586	1958
1587	1959
1588	1966
1589	1967
1590	1968
1591	1969
1592	1970
1593	1971
1594	1972
1595	1973
1596	1974
1597	1975
1598	1976
1599	1977
1600	1978
1601	1979
1602	1980
1603	1981
1604	1982
1605	1983
1606	1984
1607	1985
1608	1986
1609	1987
1610	1988
1611	1989
1612	1990
1613	1992
1614	1993
1615	1994
1616	1995
1617	1996
1618	1997
1619	1998
1620	2002
1621	2003
1622	2004
1623	2005
1624	2006
1625	2007
1626	2008
1627	2009
1628	2010
1629	2011
1630	2012
1631	2013
1632	2014
1633	2015
1634	2016
1635	2017
1636	2018
1637	2019
1638	2020
1639	2021
1640	2029
1641	2030
1642	2031
1643	2033
1644	2034
1645	2035
1646	2036
1647	2037
1648	2038
1649	2039
1650	2040
1651	2041
1652	2042
1653	2043
1654	2044
1655	2045
1656	2046
1657	2047
1658	2048
1659	2049
1660	2050
1661	2051
1662	2052
1663	2053
1664	2054
1665	2055
1666	2056
1667	2057
1668	2058
1669	2059
1670	2060
1671	2061
1672	2062
1673	2063
1674	2066
1675	2067
1676	2068
1677	2069
1678	2070
1679	2071
1680	2072
1681	2073
1682	2074
1683	2075
1684	2076
1685	2077
1686	2078
1687	2079
1688	2080
1689	2081
1690	2082
1691	2083
1692	2085
1693	2087
1694	2089
1695	2094
1696	2095
1697	2096
1698	2097
1699	2099
1700	2100
1701	2101
1702	2102
1703	2103
1704	2104
1705	2105
1706	2106
1707	2107
1708	2108
1709	2109
1710	2110
1711	2111
1712	2112
1713	2113
1714	2114
1715	2115
1716	2116
1717	2117
1718	2118
1719	2119
1720	2120
1721	2121
1722	2122
1723	2123
1724	2124
1725	2125
1726	2126
1727	2136
1728	2137
1729	2138
1730	2139
1731	2144
1732	2148
1733	2149
1734	2150
1735	2151
1736	2156
1737	2159
1738	2160
1739	2163
1740	2164
1741	2165
1742	2166
1743	2167
1744	2168
1745	2169
1746	2170
1747	2171
1748	2172
1749	2173
1750	2174
1751	2175
1752	2176
1753	2177
1754	2178
1755	2179
1756	2180
1757	2181
1758	2182
1759	2183
1760	2184
1761	2185
1762	2186
1763	2187
1764	2188
1765	2189
1766	2190
1767	2191
1768	2192
1769	2193
1770	2194
1771	2195
1772	2196
1773	2197
1774	2198
1775	2199
1776	2200
1777	2201
1778	2202
1779	2203
1780	2204
1781	2205
1782	2206
1783	2207
1784	2208
1785	2209
1786	2210
1787	2211
1788	2212
1789	2213
1790	2214
1791	2215
1792	2216
1793	2217
1794	2220
1795	2221
1796	2222
1797	2223
1798	2224
1799	2225
1800	2226
1801	2227
1802	2228
1803	2229
1804	2230
1805	2231
1806	2232
1807	2233
1808	2234
1809	2235
1810	2236
1811	2237
1812	2238
1813	2239
1814	2240
1815	2241
1816	2242
1817	2243
1818	2244
1819	2245
1820	2246
1821	2247
1822	2248
1823	2249
1824	2250
1825	2251
1826	2252
1827	2253
1828	2254
1829	2255
1830	2256
1831	2257
1832	2258
1833	2259
1834	2260
1835	2261
1836	2262
1837	2263
1838	2264
1839	2265
1840	2266
1841	2267
1842	2268
1843	2269
1844	2270
1845	2271
1846	2272
1847	2273
1848	2274
1849	2275
1850	2276
1851	2277
1852	2278
1853	2279
1854	2280
1855	2281
1856	2282
1857	2283
1858	2284
1859	2285
1860	2286
1861	2287
1862	2288
1863	2289
1864	2290
1865	2291
1866	2292
1867	2293
1868	2294
1869	2295
1870	2296
1871	2297
1872	2298
1873	2299
1874	2300
1875	2301
1876	2302
1877	2303
1878	2304
1879	2305
1880	2306
1881	2307
1882	2308
1883	2309
1884	2310
1885	2311
1886	2312
1887	2313
1888	2314
1889	2315
1890	2316
1891	2317
1892	2318
1893	2319
1894	2320
1895	2321
1896	2322
1897	2323
1898	2324
1899	2325
1900	2326
1901	2327
1902	2333
1903	2334
1904	2335
1905	2336
1906	2337
1907	2338
1908	2339
1909	2340
1910	2341
1911	2342
1912	2343
1913	2344
1914	2345
1915	2346
1916	2347
1917	2348
1918	2349
1919	2350
1920	2351
1921	2352
1922	2353
1923	2354
1924	2355
1925	2356
1926	2357
1927	2358
1928	2359
1929	2360
1930	2361
1931	2362
1932	2363
1933	2364
1934	2365
1935	2366
1936	2367
1937	2368
1938	2369
1939	2370
1940	2371
1941	2372
1942	2373
1943	2374
1944	2375
1945	2376
1946	2377
1947	2378
1948	2379
1949	2380
1950	2381
1951	2382
1952	2383
1953	2384
1954	2385
1955	2386
1956	2387
1957	2388
1958	2389
1959	2390
1960	2391
1961	2392
1962	2393
1963	2394
1964	2395
1965	2396
1966	2397
1967	2398
1968	2399
1969	2400
1970	2401
1971	2402
1972	2403
1973	2404
1974	2405
1975	2406
1976	2407
1977	2408
1978	2409
1979	2410
1980	2411
1981	2412
1982	2413
1983	2414
1984	2415
1985	2416
1986	2417
1987	2418
1988	2419
1989	2420
1990	2421
1991	2422
1992	2423
1993	2424
1994	2425
1995	2426
1996	2427
1997	2428
1998	2429
1999	2430
2000	2431
2001	2432
2002	2433
2003	2434
2004	2435
2005	2436
2006	2437
2007	2438
2008	2439
2009	2440
2010	2441
2011	2442
2012	2443
2013	2444
2014	2445
2015	2446
2016	2447
2017	2448
2018	2449
2019	2450
2020	2451
2021	2452
2022	2453
2023	2454
2024	2455
2025	2456
2026	2457
2027	2458
2028	2459
2029	2460
2030	2461
2031	2462
2032	2463
2033	2464
2034	2465
2035	2466
2036	2467
2037	2468
2038	2469
2039	2470
2040	2471
2041	2472
2042	2473
2043	2474
2044	2475
2045	2476
2046	2477
2047	2478
2048	2479
2049	2480
2050	2481
2051	2482
2052	2483
2053	2484
2054	2485
2055	2486
2056	2487
2057	2488
2058	2489
2059	2490
2060	2491
2061	2495
2062	2496
2063	2497
2064	2498
2065	2499
2066	2500
2067	2501
2068	2502
2069	2503
2070	2504
2071	2505
2072	2506
2073	2507
2074	2508
2075	2509
2076	2510
2077	2511
2078	2512
2079	2513
2080	2514
2081	2515
2082	2516
2083	2517
2084	2518
2085	2519
2086	2520
2087	2521
2088	2522
2089	2523
2090	2524
2091	2525
2092	2526
2093	2527
2094	2528
2095	2529
2096	2530
2097	2531
2098	2532
2099	2533
2100	2534
2101	2535
2102	2536
2103	2537
2104	2538
2105	2539
2106	2540
2107	2541
2108	2544
2109	2545
2110	2546
2111	2547
2112	2548
2113	2549
2114	2550
2115	2551
2116	2552
2117	2553
2118	2554
2119	2555
2120	2556
2121	2557
2122	2558
2123	2559
2124	2560
2125	2561
2126	2562
2127	2563
2128	2564
2129	2565
2130	2566
2131	2567
2132	2568
2133	2569
2134	2570
2135	2571
2136	2572
2137	2573
2138	2574
2139	2575
2140	2576
2141	2577
2142	2578
2143	2579
2144	2581
2145	2582
2146	2583
2147	2584
2148	2585
2149	2586
2150	2587
2151	2588
2152	2589
2153	2590
2154	2591
2155	2592
2156	2593
2157	2594
2158	2595
2159	2596
2160	2597
2161	2598
2162	2599
2163	2600
2164	2601
2165	2602
2166	2603
2167	2604
2168	2605
2169	2606
2170	2607
2171	2608
2172	2609
2173	2610
2174	2611
2175	2612
2176	2613
2177	2614
2178	2615
2179	2616
2180	2617
2181	2618
2182	2619
2183	2620
2184	2621
2185	2622
2186	2623
2187	2624
2188	2625
2189	2626
2190	2627
2191	2628
2192	2629
2193	2630
2194	2631
2195	2632
2196	2633
2197	2634
2198	2635
2199	2636
2200	2637
2201	2638
2202	2639
2203	2640
2204	2641
2205	2642
2206	2643
2207	2644
2208	2645
2209	2646
2210	2647
2211	2648
2212	2649
2213	2650
2214	2651
2215	2652
2216	2653
2217	2654
2218	2655
2219	2656
2220	2657
2221	2658
2222	2659
2223	2660
2224	2661
2225	2662
2226	2663
2227	2664
2228	2665
2229	2666
2230	2667
2231	2668
2232	2669
2233	2670
2234	2671
2235	2672
2236	2673
2237	2674
2238	2675
2239	2676
2240	2677
2241	2678
2242	2679
2243	2680
2244	2681
2245	2682
2246	2683
2247	2684
2248	2685
2249	2686
2250	2687
2251	2688
2252	2689
2253	2690
2254	2691
2255	2692
2256	2693
2257	2694
2258	2695
2259	2696
2260	2697
2261	2698
2262	2699
2263	2700
2264	2701
2265	2702
2266	2703
2267	2704
2268	2705
2269	2706
2270	2707
2271	2708
2272	2709
2273	2710
2274	2713
2275	2714
2276	2715
2277	2716
2278	2717
2279	2718
2280	2719
2281	2720
2282	2721
2283	2722
2284	2723
2285	2724
2286	2725
2287	2726
2288	2727
2289	2728
2290	2729
2291	2730
2292	2731
2293	2732
2294	2733
2295	2734
2296	2735
2297	2736
2298	2737
2299	2738
2300	2739
2301	2740
2302	2741
2303	2742
2304	2743
2305	2744
2306	2745
2307	2746
2308	2747
2309	2748
2310	2749
2311	2750
2312	2751
2313	2752
2314	2753
2315	2754
2316	2755
2317	2756
2318	2757
2319	2758
2320	2759
2321	2760
2322	2761
2323	2762
2324	2763
2325	2764
2326	2765
2327	2766
2328	2767
2329	2768
2330	2769
2331	2770
2332	2771
2333	2772
2334	2773
2335	2774
2336	2775
2337	2776
2338	2777
2339	2778
2340	2779
2341	2780
2342	2781
2343	2782
2344	2783
2345	2784
2346	2785
2347	2786
2348	2787
2349	2788
2350	2789
2351	2790
2352	2791
2353	2792
2354	2793
2355	2794
2356	2795
2357	2796
2358	2797
2359	2798
2360	2799
2361	2800
2362	2801
2363	2802
2364	2803
2365	2804
2366	2805
2367	2806
2368	2807
2369	2808
2370	2809
2371	2810
2372	2811
2373	2813
2374	2814
2375	2815
2376	2816
2377	2818
2378	2819
2379	2820
2380	2821
2381	2823
2382	2824
2383	2825
2384	2827
2385	2828
2386	2829
2387	2830
2388	2832
2389	2835
2390	2843
2391	2853
2392	2854
2393	2877
2394	2878
2395	2879
2396	2880
2397	2881
2398	2882
2399	2883
2400	2884
2401	2886
2402	2887
2403	2892
2404	2893
2405	2894
2406	2899
2407	2906
2408	2907
2409	2909
2410	2910
2411	2911
2412	2912
2413	2915
2414	2918
2415	2919
2416	2920
2417	2921
2418	2926
2419	2927
2420	2928
2421	2929
2422	2930
2423	2931
2424	2934
2425	2935
2426	2936
2427	2937
2428	2938
2429	2939
2430	2940
2431	2941
2432	2942
2433	2943
2434	2944
2435	2945
2436	2946
2437	2947
2438	2948
2439	2949
2440	2950
2441	2951
2442	2952
2443	2953
2444	2954
2445	2955
2446	2956
2447	2957
2448	2958
2449	2959
2450	2960
2451	2961
2452	2962
2453	2963
2454	2964
2455	2965
2456	2966
2457	2967
2458	2968
2459	2969
2460	2970
2461	2971
2462	2972
2463	2973
2464	2974
2465	2975
2466	2976
2467	2977
2468	2978
2469	2979
2470	2980
2471	2981
2472	2982
2473	2983
2474	2984
2475	2985
2476	2986
2477	2987
2478	2988
2479	2989
2480	2990
2481	2991
2482	2992
2483	2993
2484	2994
2485	2995
2486	2996
2487	2997
2488	2998
2489	2999
2490	3000
2491	3001
2492	3002
2493	3003
2494	3004
2495	3007
2496	3011
2497	3012
2498	3013
2499	3017
2500	3018
2501	3019
2502	3020
2503	3021
2504	3022
2505	3024
2506	3025
2507	3026
2508	3027
2509	3028
2510	3029
2511	3030
2512	3031
2513	3032
2514	3033
2515	3034
2516	3036
2517	3037
2518	3038
2519	3039
2520	3040
2521	3041
2522	3043
2523	3044
2524	3045
2525	3046
2526	3047
2527	3048
2528	3050
2529	3051
2530	3052
2531	3053
2532	3054
2533	3055
2534	3056
2535	3057
2536	3059
2537	3060
2538	3061
2539	3062
2540	3063
2541	3064
2542	3065
2543	3066
2544	3067
2545	3068
2546	3069
2547	3070
2548	3071
2549	3072
2550	3073
2551	3074
2552	3075
2553	3076
2554	3077
2555	3078
2556	3079
2557	3080
2558	3081
2559	3082
2560	3083
2561	3084
2562	3085
2563	3086
2564	3087
2565	3088
2566	3089
2567	3090
2568	3091
2569	3092
2570	3093
2571	3094
2572	3095
2573	3096
2574	3097
2575	3098
2576	3099
2577	3100
2578	3101
2579	3102
2580	3103
2581	3104
2582	3105
2583	3106
2584	3107
2585	3108
2586	3109
2587	3110
2588	3111
2589	3112
2590	3113
2591	3114
2592	3115
2593	3116
2594	3117
2595	3119
2596	3120
2597	3121
2598	3122
2599	3123
2600	3124
2601	3125
2602	3126
2603	3127
2604	3128
2605	3129
2606	3130
2607	3131
2608	3132
2609	3133
2610	3134
2611	3135
2612	3136
2613	3137
2614	3138
2615	3139
2616	3140
2617	3141
2618	3142
2619	3143
2620	3144
2621	3145
2622	3146
2623	3147
2624	3148
2625	3149
2626	3150
2627	3151
2628	3152
2629	3153
2630	3154
2631	3155
2632	3156
2633	3157
2634	3158
2635	3159
2636	3160
2637	3161
2638	3162
2639	3163
2640	3164
2641	3165
2642	3166
2643	3167
2644	3168
2645	3169
2646	3170
2647	3171
2648	3172
2649	3173
2650	3174
2651	3175
2652	3176
2653	3177
2654	3178
2655	3179
2656	3180
2657	3181
2658	3182
2659	3183
2660	3184
2661	3185
2662	3186
2663	3187
2664	3188
2665	3189
2666	3190
2667	3191
2668	3192
2669	3193
2670	3194
2671	3195
2672	3196
2673	3197
2674	3198
2675	3199
2676	3200
2677	3201
2678	3202
2679	3203
2680	3204
2681	3205
2682	3206
2683	3207
2684	3208
2685	3209
2686	3210
2687	3211
2688	3212
2689	3213
2690	3214
2691	3215
2692	3216
2693	3217
2694	3218
2695	3219
2696	3220
2697	3221
2698	3222
2699	3223
2700	3224
2701	3225
2702	3226
2703	3227
2704	3228
2705	3229
2706	3230
2707	3231
2708	3232
2709	3233
2710	3234
2711	3235
2712	3236
2713	3237
2714	3238
2715	3239
2716	3240
2717	3241
2718	3242
2719	3243
2720	3244
2721	3245
2722	3246
2723	3247
2724	3248
2725	3249
2726	3250
2727	3251
2728	3252
2729	3253
2730	3255
2731	3256
2732	3257
2733	3258
2734	3259
2735	3260
2736	3262
2737	3263
2738	3265
2739	3266
2740	3267
2741	3270
2742	3273
2743	3274
2744	3275
2745	3276
2746	3277
2747	3280
2748	3284
2749	3286
2750	3287
2751	3288
2752	3289
2753	3290
2754	3291
2755	3292
2756	3293
2757	3294
2758	3295
2759	3296
2760	3297
2761	3298
2762	3299
2763	3300
2764	3301
2765	3304
2766	3305
2767	3307
2768	3308
2769	3309
2770	3310
2771	3311
2772	3312
2773	3313
2774	3314
2775	3315
2776	3316
2777	3317
2778	3318
2779	3319
2780	3320
2781	3321
2782	3322
2783	3323
2784	3324
2785	3326
2786	3327
2787	3331
2788	3332
2789	3333
2790	3334
2791	3335
2792	3336
2793	3337
2794	3338
2795	3339
2796	3340
2797	3341
2798	3342
2799	3343
2800	3344
2801	3345
2802	3346
2803	3347
2804	3348
2805	3349
2806	3350
2807	3351
2808	3352
2809	3353
2810	3354
2811	3355
2812	3356
2813	3357
2814	3358
2815	3359
2816	3360
2817	3361
2818	3362
2819	3363
2820	3364
2821	3365
2822	3366
2823	3367
2824	3368
2825	3369
2826	3370
2827	3371
2828	3372
2829	3373
2830	3374
2831	3375
2832	3376
2833	3377
2834	3378
2835	3379
2836	3380
2837	3381
2838	3382
2839	3383
2840	3384
2841	3385
2842	3386
2843	3387
2844	3388
2845	3389
2846	3390
2847	3391
2848	3392
2849	3393
2850	3394
2851	3395
2852	3396
2853	3397
2854	3398
2855	3399
2856	3400
2857	3401
2858	3402
2859	3404
2860	3405
2861	3406
2862	3407
2863	3408
2864	3409
2865	3410
2866	3411
2867	3412
2868	3413
2869	3414
2870	3415
2871	3416
2872	3418
2873	3419
2874	3420
2875	3421
2876	3422
2877	3423
2878	3424
2879	3425
2880	3426
2881	3427
2882	3428
2883	3429
2884	3430
2885	3431
2886	3432
2887	3433
2888	3434
2889	3435
2890	3436
2891	3437
2892	3438
2893	3439
2894	3440
2895	3441
2896	3442
2897	3443
2898	3444
2899	3445
2900	3446
2901	3447
2902	3449
2903	3450
2904	3451
2905	3452
2906	3453
2907	3454
2908	3456
2909	3457
2910	3458
2911	3459
2912	3460
2913	3461
2914	3463
2915	3464
2916	3465
2917	3466
2918	3467
2919	3468
2920	3471
2921	3472
2922	3473
2923	3474
2924	3476
2925	3477
2926	3478
2927	3479
2928	3480
2929	3482
2930	3483
2931	3484
2932	3485
2933	3486
2934	3487
2935	3489
2936	3490
2937	3491
2938	3492
2939	3493
2940	3494
2941	3495
2942	3496
2943	3497
2944	3499
2945	3500
2946	3501
2947	3502
2948	3503
2949	3504
2950	3505
2951	3506
2952	3507
2953	3508
2954	3509
2955	3510
2956	3511
2957	3512
2958	3513
2959	3514
2960	3515
2961	3516
2962	3517
2963	3518
2964	3519
2965	3521
2966	3522
2967	3523
2968	3524
2969	3525
2970	3526
2971	3527
2972	3528
2973	3529
2974	3530
2975	3531
2976	3532
2977	3533
2978	3534
2979	3535
2980	3538
2981	3539
2982	3540
2983	3541
2984	3542
2985	3546
2986	3547
2987	3548
2988	3549
2989	3550
2990	3551
2991	3552
2992	3553
2993	3554
2994	3555
2995	3557
2996	3558
2997	3559
2998	3560
2999	3561
3000	3562
3001	3564
3002	3565
3003	3566
3004	3567
3005	3568
3006	3569
3007	3570
3008	3571
3009	3572
3010	3573
3011	3575
3012	3576
3013	3577
3014	3579
3015	3580
3016	3581
3017	3582
3018	3585
3019	3586
3020	3587
3021	3588
3022	3589
3023	3590
3024	3591
3025	3592
3026	3594
3027	3595
3028	3596
3029	3597
3030	3598
3031	3599
3032	3600
3033	3601
3034	3602
3035	3603
3036	3604
3037	3605
3038	3606
3039	3607
3040	3608
3041	3609
3042	3610
3043	3611
3044	3612
3045	3613
3046	3614
3047	3615
3048	3616
3049	3617
3050	3618
3051	3619
3052	3620
3053	3621
3054	3622
3055	3623
3056	3624
3057	3625
3058	3626
3059	3627
3060	3628
3061	3629
3062	3630
3063	3631
3064	3632
3065	3633
3066	3634
3067	3635
3068	3639
3069	3640
3070	3643
3071	3644
3072	3645
3073	3646
3074	3647
3075	3648
3076	3649
3077	3651
3078	3652
3079	3658
3080	3662
3081	3663
3082	3664
3083	3666
3084	3667
3085	3675
3086	3679
3087	3681
3088	3682
3089	3683
3090	3684
3091	3697
3092	3698
3093	3703
3094	3704
3095	3706
3096	3707
3097	3708
3098	3710
3099	3711
3100	3712
3101	3713
3102	3714
3103	3715
3104	3718
3105	3719
3106	3720
3107	3721
3108	3722
3109	3723
3110	3724
3111	3725
3112	3726
3113	3727
3114	3728
3115	3729
3116	3730
3117	3731
3118	3732
3119	3733
3120	3734
3121	3735
3122	3736
3123	3737
3124	3738
3125	3739
3126	3740
3127	3741
3128	3742
3129	3743
3130	3744
3131	3745
3132	3746
3133	3747
3134	3748
3135	3749
3136	3750
3137	3751
3138	3752
3139	3753
3140	3755
3141	3756
3142	3757
3143	3758
3144	3759
3145	3760
3146	3762
3147	3763
3148	3764
3149	3765
3150	3766
3151	3767
3152	3768
3153	3769
3154	3770
3155	3771
3156	3772
3157	3773
3158	3774
3159	3775
3160	3776
3161	3779
3162	3780
3163	3781
3164	3782
3165	3783
3166	3784
3167	3787
3168	3788
3169	3789
3170	3790
3171	3791
3172	3793
3173	3794
3174	3795
3175	3796
3176	3797
3177	3798
3178	3799
3179	3802
3180	3803
3181	3804
3182	3806
3183	3807
3184	3808
3185	3809
3186	3812
3187	3813
3188	3814
3189	3815
3190	3816
3191	3817
3192	3818
3193	3819
3194	3820
3195	3822
3196	3823
3197	3824
3198	3825
3199	3826
3200	3827
3201	3828
3202	3829
3203	3830
3204	3831
3205	3832
3206	3834
3207	3835
3208	3836
3209	3837
3210	3838
3211	3839
3212	3841
3213	3842
3214	3843
3215	3844
3216	3845
3217	3847
3218	3849
3219	3850
3220	3851
3221	3852
3222	3853
3223	3854
3224	3855
3225	3856
3226	3857
3227	3858
3228	3859
3229	3860
3230	3861
3231	3862
3232	3863
3233	3864
3234	3865
3235	3866
3236	3867
3237	3868
3238	3869
3239	3870
3240	3871
3241	3872
3242	3873
3243	3874
3244	3875
3245	3876
3246	3877
3247	3878
3248	3879
3249	3880
3250	3881
3251	3882
3252	3883
3253	3884
3254	3885
3255	3886
3256	3887
3257	3888
3258	3889
3259	3890
3260	3891
3261	3892
3262	3893
3263	3894
3264	3895
3265	3896
3266	3897
3267	3898
3268	3899
3269	3900
3270	3901
3271	3902
3272	3903
3273	3904
3274	3905
3275	3906
3276	3907
3277	3908
3278	3909
3279	3910
3280	3911
3281	3912
3282	3913
3283	3914
3284	3915
3285	3916
3286	3917
3287	3918
3288	3919
3289	3920
3290	3921
3291	3922
3292	3923
3293	3924
3294	3925
3295	3926
3296	3927
3297	3928
3298	3929
3299	3930
3300	3931
3301	3932
3302	3933
3303	3934
3304	3935
3305	3936
3306	3937
3307	3938
3308	3939
3309	3940
3310	3941
3311	3942
3312	3943
3313	3944
3314	3945
3315	3946
3316	3947
3317	3948
3318	3949
3319	3950
3320	3951
3321	3952
3322	3953
3323	3954
3324	3955
3325	3956
3326	3957
3327	3958
3328	3959
3329	3960
3330	3961
3331	3962
3332	3963
3333	3964
3334	3965
3335	3966
3336	3967
3337	3968
3338	3969
3339	3970
3340	3971
3341	3972
3342	3973
3343	3974
3344	3975
3345	3976
3346	3977
3347	3979
3348	3980
3349	3981
3350	3982
3351	3983
3352	3984
3353	3985
3354	3986
3355	3987
3356	3990
3357	3991
3358	3998
3359	3999
3360	4000
3361	4001
3362	4002
3363	4003
3364	4004
3365	4005
3366	4006
3367	4008
3368	4009
3369	4010
3370	4012
3371	4013
3372	4014
3373	4017
3374	4018
3375	4019
3376	4020
3377	4021
3378	4022
3379	4023
3380	4024
3381	4025
3382	4030
3383	4033
3384	4034
3385	4035
3386	4036
3387	4037
3388	4038
3389	4039
3390	4040
3391	4041
3392	4042
3393	4044
3394	4045
3395	4046
3396	4047
3397	4050
3398	4051
3399	4052
3400	4053
3401	4054
3402	4055
3403	4057
3404	4062
3405	4063
3406	4065
3407	4066
3408	4067
3409	4068
3410	4076
3411	4077
3412	4078
3413	4079
3414	4080
3415	4081
3416	4084
3417	4085
3418	4088
3419	4089
3420	4090
3421	4092
3422	4093
3423	4101
3424	4102
3425	4103
3426	4104
3427	4106
3428	4107
3429	4108
3430	4110
3431	4111
3432	4112
3433	4113
3434	4114
3435	4115
3436	4116
3437	4117
3438	4118
3439	4119
3440	4120
3441	4121
3442	4122
3443	4124
3444	4125
3445	4131
3446	4132
3447	4146
3448	4147
3449	4148
3450	4150
3451	4153
3452	4155
3453	4156
3454	4159
3455	4171
3456	4172
3457	4173
3458	4174
3459	4175
3460	4176
3461	4177
3462	4178
3463	4179
3464	4180
3465	4181
3466	4182
3467	4183
3468	4184
3469	4185
3470	4186
3471	4187
3472	4188
3473	4189
3474	4190
3475	4191
3476	4192
3477	4193
3478	4194
3479	4195
3480	4196
3481	4197
3482	4229
3483	4230
3484	4232
3485	4235
3486	4236
3487	4238
3488	4240
3489	4241
3490	4242
3491	4244
3492	4245
3493	4246
3494	4247
3495	4248
3496	4250
3497	4251
3498	4252
3499	4253
3500	4254
3501	4256
3502	4257
3503	4258
3504	4259
3505	4261
3506	4263
3507	4264
3508	4265
3509	4266
3510	4267
3511	4268
3512	4269
3513	4270
3514	4271
3515	4272
3516	4273
3517	4274
3518	4275
3519	4276
3520	4277
3521	4278
3522	4279
3523	4280
3524	4281
3525	4283
3526	4284
3527	4285
3528	4286
3529	4287
3530	4288
3531	4289
3532	4290
3533	4291
3534	4292
3535	4293
3536	4294
3537	4295
3538	4296
3539	4297
3540	4298
3541	4299
3542	4300
3543	4301
3544	4302
3545	4305
3546	4306
3547	4307
3548	4308
3549	4309
3550	4312
3551	4313
3552	4314
3553	4316
3554	4317
3555	4318
3556	4319
3557	4320
3558	4321
3559	4322
3560	4323
3561	4324
3562	4325
3563	4326
3564	4327
3565	4328
3566	4329
3567	4331
3568	4332
3569	4333
3570	4334
3571	4335
3572	4336
3573	4337
3574	4338
3575	4339
3576	4340
3577	4341
3578	4342
3579	4344
3580	4345
3581	4346
3582	4347
3583	4348
3584	4349
3585	4350
3586	4351
3587	4352
3588	4353
3589	4354
3590	4355
3591	4356
3592	4357
3593	4358
3594	4359
3595	4360
3596	4361
3597	4362
3598	4363
3599	4364
3600	4365
3601	4366
3602	4367
3603	4368
3604	4369
3605	4370
3606	4371
3607	4372
3608	4373
3609	4374
3610	4375
3611	4376
3612	4377
3613	4378
3614	4379
3615	4380
3616	4381
3617	4382
3618	4383
3619	4384
3620	4386
3621	4387
3622	4388
3623	4389
3624	4391
3625	4392
3626	4393
3627	4394
3628	4395
3629	4396
3630	4397
3631	4398
3632	4399
3633	4400
3634	4401
3635	4402
3636	4403
3637	4405
3638	4406
3639	4407
3640	4408
3641	4409
3642	4410
3643	4411
3644	4412
3645	4413
3646	4414
3647	4415
3648	4416
3649	4417
3650	4418
3651	4419
3652	4421
3653	4422
3654	4423
3655	4424
3656	4425
3657	4426
3658	4427
3659	4428
3660	4429
3661	4430
3662	4431
3663	4432
3664	4433
3665	4434
3666	4435
3667	4436
3668	4437
3669	4438
3670	4439
3671	4440
3672	4441
3673	4442
3674	4443
3675	4444
3676	4445
3677	4446
3678	4447
3679	4448
3680	4449
3681	4450
3682	4451
3683	4452
3684	4453
3685	4454
3686	4455
3687	4456
3688	4457
3689	4458
3690	4459
3691	4460
3692	4461
3693	4462
3694	4463
3695	4464
3696	4465
3697	4466
3698	4467
3699	4468
3700	4469
3701	4470
3702	4471
3703	4472
3704	4473
3705	4474
3706	4475
3707	4476
3708	4477
3709	4478
3710	4479
3711	4480
3712	4481
3713	4482
3714	4483
3715	4484
3716	4485
3717	4487
3718	4489
3719	4490
3720	4491
3721	4492
3722	4493
3723	4494
3724	4495
3725	4496
3726	4497
3727	4498
3728	4499
3729	4500
3730	4501
3731	4502
3732	4503
3733	4504
3734	4505
3735	4506
3736	4507
3737	4508
3738	4509
3739	4510
3740	4511
3741	4512
3742	4513
3743	4514
3744	4515
3745	4519
3746	4520
3747	4522
3748	4524
3749	4532
3750	4533
3751	4534
3752	4535
3753	4536
3754	4537
3755	4538
3756	4539
3757	4540
3758	4541
3759	4542
3760	4543
3761	4548
3762	4550
3763	4551
3764	4553
3765	4554
3766	4555
3767	4556
3768	4558
3769	4559
3770	4561
3771	4562
3772	4563
3773	4564
3774	4565
3775	4566
3776	4567
3777	4568
3778	4569
3779	4570
3780	4573
3781	4574
3782	4575
3783	4580
3784	4581
3785	4584
3786	4587
3787	4588
3788	4593
3789	4594
3790	4597
3791	4598
3792	4599
3793	4604
3794	4605
3795	4606
3796	4607
3797	4610
3798	4621
3799	4622
3800	4628
3801	4633
3802	4634
3803	4639
3804	4640
3805	4641
3806	4642
3807	4644
3808	4645
3809	4647
3810	4649
3811	4650
3812	4659
3813	4660
3814	4662
3815	4663
3816	4665
3817	4666
3818	4668
3819	4669
3820	4670
3821	4673
3822	4674
3823	4675
3824	4676
3825	4677
3826	4678
3827	4679
3828	4680
3829	4681
3830	4682
3831	4684
3832	4685
3833	4687
3834	4688
3835	4690
3836	4691
3837	4692
3838	4693
3839	4694
3840	4695
3841	4696
3842	4697
3843	4702
3844	4703
3845	4704
3846	4705
3847	4706
3848	4722
3849	4723
3850	4725
3851	4726
3852	4732
3853	4733
3854	4734
3855	4735
3856	4747
3857	4748
3858	4749
3859	4756
3860	4757
3861	4760
3862	4762
3863	4764
3864	4765
3865	4766
3866	4767
3867	4768
3868	4770
3869	4771
3870	4772
3871	4773
3872	4774
3873	4775
3874	4776
3875	4777
3876	4785
3877	4786
3878	4789
3879	4791
3880	4793
3881	4794
3882	4795
3883	4797
3884	4798
3885	4799
3886	4800
3887	4801
3888	4802
3889	4805
3890	4807
3891	4808
3892	4810
3893	4812
3894	4813
3895	4814
3896	4816
3897	4820
3898	4822
3899	4823
3900	4824
3901	4825
3902	4826
3903	4827
3904	4828
3905	4830
3906	4831
3907	4832
3908	4833
3909	4850
3910	4851
3911	4852
3912	4853
3913	4854
3914	4855
3915	4856
3916	4860
3917	4861
3918	4863
3919	4864
3920	4865
3921	4868
3922	4869
3923	4871
3924	4872
3925	4873
3926	4876
3927	4878
3928	4885
3929	4892
3930	4893
3931	4894
3932	4895
3933	4896
3934	4897
3935	4898
3936	4902
3937	4904
3938	4905
3939	4906
3940	4908
3941	4909
3942	4910
3943	4911
3944	4912
3945	4913
3946	4914
3947	4915
3948	4916
3949	4918
3950	4919
3951	4924
3952	4925
3953	4926
3954	4927
3955	4928
3956	4929
3957	4931
3958	4932
3959	4933
3960	4934
3961	4936
3962	4937
3963	4938
3964	4939
3965	4940
3966	4941
3967	4942
3968	4943
3969	4945
3970	4946
3971	4947
3972	4948
3973	4949
3974	4950
3975	4951
3976	4952
3977	4953
3978	4954
3979	4955
3980	4956
3981	4957
3982	4958
3983	4959
3984	4960
3985	4961
3986	4962
3987	4963
3988	4964
3989	4965
3990	4967
3991	4968
3992	4970
3993	4971
3994	4972
3995	4973
3996	4974
3997	4975
3998	4976
3999	4977
4000	4978
4001	4979
4002	4980
4003	4981
4004	4982
4005	4983
4006	4984
4007	4985
4008	4986
4009	4987
4010	4988
4011	4989
4012	4991
4013	4992
4014	4993
4015	4994
4016	4995
4017	4998
4018	4999
4019	5000
4020	5001
4021	5003
4022	5004
4023	5005
4024	5006
4025	5007
4026	5008
4027	5009
4028	5010
4029	5011
4030	5012
4031	5015
4032	5016
4033	5017
4034	5018
4035	5020
4036	5022
4037	5023
4038	5024
4039	5026
4040	5027
4041	5030
4042	5031
4043	5069
4044	5070
4045	5071
4046	5077
4047	5078
4048	5079
4049	5080
4050	5081
4051	5082
4052	5083
4053	5084
4054	5085
4055	5086
4056	5087
4057	5088
4058	5089
4059	5090
4060	5091
4061	5092
4062	5093
4063	5094
4064	5095
4065	5096
4066	5097
4067	5098
4068	5099
4069	5100
4070	5101
4071	5102
4072	5103
4073	5104
4074	5105
4075	5106
4076	5107
4077	5108
4078	5109
4079	5110
4080	5111
4081	5112
4082	5113
4083	5114
4084	5115
4085	5116
4086	5117
4087	5118
4088	5119
4089	5120
4090	5121
4091	5122
4092	5123
4093	5124
4094	5125
4095	5126
4096	5127
4097	5128
4098	5129
4099	5130
4100	5131
4101	5132
4102	5133
4103	5134
4104	5135
4105	5136
4106	5137
4107	5138
4108	5139
4109	5140
4110	5141
4111	5142
4112	5143
4113	5144
4114	5145
4115	5146
4116	5147
4117	5148
4118	5149
4119	5150
4120	5151
4121	5152
4122	5153
4123	5154
4124	5155
4125	5156
4126	5157
4127	5158
4128	5159
4129	5160
4130	5161
4131	5162
4132	5163
4133	5164
4134	5165
4135	5166
4136	5167
4137	5168
4138	5169
4139	5170
4140	5171
4141	5172
4142	5173
4143	5174
4144	5175
4145	5176
4146	5177
4147	5178
4148	5179
4149	5180
4150	5181
4151	5182
4152	5183
4153	5184
4154	5185
4155	5186
4156	5187
4157	5188
4158	5189
4159	5190
4160	5191
4161	5192
4162	5193
4163	5194
4164	5195
4165	5196
4166	5197
4167	5198
4168	5199
4169	5200
4170	5201
4171	5202
4172	5203
4173	5205
4174	5207
4175	5208
4176	5209
4177	5211
4178	5213
4179	5214
4180	5215
4181	5216
4182	5217
4183	5218
4184	5219
4185	5220
4186	5221
4187	5222
4188	5223
4189	5224
4190	5226
4191	5228
4192	5229
4193	5231
4194	5232
4195	5239
4196	5245
4197	5246
4198	5247
4199	5248
4200	5249
4201	5250
4202	5252
4203	5253
4204	5254
4205	5256
4206	5257
4207	5259
4208	5260
4209	5262
4210	5263
4211	5264
4212	5265
4213	5267
4214	5268
4215	5270
4216	5273
4217	5275
4218	5276
4219	5279
4220	5281
4221	5282
4222	5284
4223	5285
4224	5288
4225	5292
4226	5293
4227	5296
4228	5297
4229	5298
4230	5299
4231	5304
4232	5306
4233	5307
4234	5308
4235	5309
4236	5310
4237	5311
4238	5312
4239	5313
4240	5314
4241	5315
4242	5316
4243	5317
4244	5318
4245	5319
4246	5320
4247	5321
4248	5322
4249	5323
4250	5324
4251	5325
4252	5326
4253	5327
4254	5328
4255	5329
4256	5330
4257	5331
4258	5332
4259	5333
4260	5334
4261	5335
4262	5336
4263	5337
4264	5352
4265	5353
4266	5356
4267	5357
4268	5358
4269	5359
4270	5360
4271	5361
4272	5362
4273	5363
4274	5366
4275	5367
4276	5368
4277	5369
4278	5370
4279	5371
4280	5372
4281	5373
4282	5374
4283	5375
4284	5376
4285	5377
4286	5378
4287	5379
4288	5386
4289	5387
4290	5388
4291	5389
4292	5390
4293	5391
4294	5392
4295	5393
4296	5394
4297	5395
4298	5396
4299	5397
4300	5398
4301	5399
4302	5400
4303	5401
4304	5402
4305	5403
4306	5404
4307	5405
4308	5406
4309	5407
4310	5408
4311	5409
4312	5410
4313	5411
4314	5412
4315	5413
4316	5414
4317	5415
4318	5416
4319	5417
4320	5418
4321	5419
4322	5420
4323	5421
4324	5422
4325	5423
4326	5424
4327	5425
4328	5426
4329	5427
4330	5428
4331	5429
4332	5430
4333	5431
4334	5432
4335	5433
4336	5434
4337	5435
4338	5436
4339	5437
4340	5438
4341	5439
4342	5440
4343	5441
4344	5442
4345	5443
4346	5444
4347	5445
4348	5446
4349	5447
4350	5448
4351	5449
4352	5450
4353	5451
4354	5452
4355	5453
4356	5454
4357	5455
4358	5456
4359	5457
4360	5458
4361	5459
4362	5460
4363	5461
4364	5462
4365	5463
4366	5464
4367	5465
4368	5466
4369	5467
4370	5468
4371	5469
4372	5470
4373	5471
4374	5472
4375	5473
4376	5474
4377	5475
4378	5476
4379	5477
4380	5478
4381	5479
4382	5480
4383	5481
4384	5482
4385	5483
4386	5484
4387	5485
4388	5486
4389	5487
4390	5488
4391	5489
4392	5490
4393	5491
4394	5492
4395	5493
4396	5494
4397	5495
4398	5496
4399	5497
4400	5498
4401	5499
4402	5500
4403	5501
4404	5502
4405	5503
4406	5504
4407	5505
4408	5506
4409	5507
4410	5508
4411	5509
4412	5510
4413	5511
4414	5512
4415	5513
4416	5514
4417	5515
4418	5516
4419	5517
4420	5518
4421	5519
4422	5520
4423	5521
4424	5522
4425	5523
4426	5524
4427	5525
4428	5526
4429	5527
4430	5528
4431	5529
4432	5530
4433	5531
4434	5532
4435	5533
4436	5534
4437	5535
4438	5536
4439	5537
4440	5538
4441	5539
4442	5540
4443	5541
4444	5542
4445	5543
4446	5544
4447	5545
4448	5546
4449	5547
4450	5548
4451	5549
4452	5550
4453	5551
4454	5552
4455	5553
4456	5554
4457	5555
4458	5556
4459	5557
4460	5558
4461	5559
4462	5560
4463	5561
4464	5562
4465	5563
4466	5564
4467	5565
4468	5566
4469	5567
4470	5568
4471	5569
4472	5570
4473	5571
4474	5572
4475	5573
4476	5574
4477	5575
4478	5576
4479	5577
4480	5578
4481	5579
4482	5580
4483	5581
4484	5582
4485	5583
4486	5584
4487	5585
4488	5586
4489	5587
4490	5588
4491	5589
4492	5590
4493	5591
4494	5592
4495	5593
4496	5594
4497	5595
4498	5596
4499	5597
4500	5598
4501	5599
4502	5600
4503	5601
4504	5602
4505	5603
4506	5604
4507	5605
4508	5606
4509	5607
4510	5608
4511	5609
4512	5610
4513	5611
4514	5612
4515	5613
4516	5614
4517	5615
4518	5616
4519	5617
4520	5618
4521	5619
4522	5620
4523	5621
4524	5622
4525	5623
4526	5624
4527	5625
4528	5626
4529	5627
4530	5628
4531	5629
4532	5630
4533	5631
4534	5632
4535	5633
4536	5634
4537	5635
4538	5636
4539	5637
4540	5638
4541	5639
4542	5640
4543	5641
4544	5642
4545	5643
4546	5644
4547	5645
4548	5646
4549	5647
4550	5648
4551	5649
4552	5650
4553	5651
4554	5652
4555	5653
4556	5654
4557	5655
4558	5656
4559	5657
4560	5658
4561	5659
4562	5660
4563	5661
4564	5662
4565	5663
4566	5664
4567	5665
4568	5666
4569	5667
4570	5668
4571	5669
4572	5670
4573	5671
4574	5672
4575	5673
4576	5674
4577	5675
4578	5676
4579	5677
4580	5678
4581	5679
4582	5680
4583	5681
4584	5682
4585	5683
4586	5684
4587	5685
4588	5686
4589	5687
4590	5688
4591	5689
4592	5690
4593	5691
4594	5692
4595	5693
4596	5694
4597	5695
4598	5696
4599	5697
4600	5698
4601	5699
4602	5700
4603	5701
4604	5702
4605	5703
4606	5704
4607	5705
4608	5706
4609	5707
4610	5708
4611	5709
4612	5710
4613	5711
4614	5712
4615	5713
4616	5714
4617	5715
4618	5716
4619	5717
4620	5718
4621	5719
4622	5720
4623	5721
4624	5722
4625	5723
4626	5724
4627	5725
4628	5726
4629	5727
4630	5728
4631	5729
4632	5730
4633	5731
4634	5732
4635	5733
4636	5734
4637	5735
4638	5736
4639	5737
4640	5738
4641	5739
4642	5740
4643	5741
4644	5742
4645	5743
4646	5744
4647	5745
4648	5746
4649	5747
4650	5748
4651	5749
4652	5750
4653	5751
4654	5752
4655	5753
4656	5754
4657	5755
4658	5756
4659	5757
4660	5758
4661	5759
4662	5760
4663	5761
4664	5762
4665	5763
4666	5764
4667	5765
4668	5766
4669	5767
4670	5768
4671	5769
4672	5770
4673	5771
4674	5772
4675	5773
4676	5774
4677	5775
4678	5776
4679	5777
4680	5778
4681	5779
4682	5780
4683	5781
4684	5782
4685	5783
4686	5784
4687	5785
4688	5786
4689	5787
4690	5788
4691	5789
4692	5790
4693	5791
4694	5792
4695	5793
4696	5794
4697	5795
4698	5796
4699	5797
4700	5798
4701	5799
4702	5800
4703	5801
4704	5802
4705	5803
4706	5804
4707	5805
4708	5806
4709	5807
4710	5808
4711	5809
4712	5810
4713	5811
4714	5812
4715	5813
4716	5814
4717	5815
4718	5816
4719	5817
4720	5818
4721	5819
4722	5820
4723	5821
4724	5822
4725	5823
4726	5824
4727	5825
4728	5826
4729	5827
4730	5828
4731	5829
4732	5830
4733	5831
4734	5832
4735	5833
4736	5834
4737	5835
4738	5836
4739	5837
4740	5838
4741	5839
4742	5840
4743	5841
4744	5842
4745	5843
4746	5844
4747	5845
4748	5846
4749	5847
4750	5848
4751	5849
4752	5850
4753	5851
4754	5852
4755	5853
4756	5854
4757	5855
4758	5856
4759	5857
4760	5858
4761	5859
4762	5860
4763	5861
4764	5862
4765	5863
4766	5864
4767	5865
4768	5866
4769	5867
4770	5868
4771	5869
4772	5870
4773	5871
4774	5872
4775	5873
4776	5874
4777	5875
4778	5876
4779	5877
4780	5878
4781	5879
4782	5880
4783	5881
4784	5882
4785	5883
4786	5884
4787	5885
4788	5886
4789	5887
4790	5888
4791	5889
4792	5890
4793	5891
4794	5892
4795	5893
4796	5894
4797	5895
4798	5896
4799	5897
4800	5898
4801	5899
4802	5900
4803	5901
4804	5902
4805	5903
4806	5904
4807	5905
4808	5906
4809	5907
4810	5908
4811	5909
4812	5910
4813	5911
4814	5912
4815	5913
4816	5914
4817	5915
4818	5916
4819	5917
4820	5918
4821	5919
4822	5920
4823	5921
4824	5922
4825	5923
4826	5924
4827	5925
4828	5926
4829	5927
4830	5928
4831	5929
4832	5930
4833	5931
4834	5933
4835	5935
4836	5936
4837	5937
4838	5938
4839	5939
4840	5940
4841	5941
4842	5942
4843	5943
4844	5944
4845	5945
4846	5946
4847	5947
4848	5948
4849	5949
4850	5950
4851	5951
4852	5952
4853	5953
4854	5954
4855	5955
4856	5956
4857	5957
4858	5958
4859	5959
4860	5960
4861	5961
4862	5962
4863	5963
4864	5964
4865	5965
4866	5966
4867	5967
4868	5968
4869	5969
4870	5970
4871	5971
4872	5972
4873	5973
4874	5974
4875	5975
4876	5976
4877	5977
4878	5978
4879	5979
4880	5980
4881	5981
4882	5982
4883	5983
4884	5984
4885	5985
4886	5986
4887	5987
4888	5988
4889	5989
4890	5990
4891	5991
4892	5992
4893	5993
4894	5994
4895	5996
4896	5997
4897	6034
4898	6036
4899	6039
4900	6067
4901	6103
4902	6149
4903	6150
4904	6153
4905	6154
4906	6155
4907	6156
4908	6157
4909	6158
4910	6159
4911	6160
4912	6161
4913	6162
4914	6163
4915	6164
4916	6165
4917	6166
4918	6167
4919	6168
4920	6169
4921	6170
4922	6171
4923	6172
4924	6173
4925	6174
4926	6175
4927	6177
4928	6178
4929	6179
4930	6180
4931	6181
4932	6182
4933	6183
4934	6190
4935	6199
4936	6201
4937	6206
4938	6208
4939	6209
4940	6210
4941	6211
4942	6212
4943	6224
4944	6225
4945	6226
4946	6227
4947	6228
4948	6229
4949	6230
4950	6231
4951	6232
4952	6233
4953	6234
4954	6235
4955	6236
4956	6237
4957	6238
4958	6239
4959	6240
4960	6241
4961	6247
4962	6251
4963	6252
4964	6253
4965	6254
4966	6255
4967	6256
4968	6257
4969	6258
4970	6259
4971	6260
4972	6261
4973	6282
4974	6287
4975	6288
4976	6293
4977	6294
4978	6295
4979	6296
4980	6297
4981	6298
4982	6299
4983	6300
4984	6301
4985	6302
4986	6303
4987	6304
4988	6305
4989	6306
4990	6307
4991	6309
4992	6310
4993	6312
4994	6314
4995	6315
4996	6316
4997	6317
4998	6318
4999	6319
5000	6321
5001	6322
5002	6323
5003	6326
5004	6327
5005	6328
5006	6329
5007	6331
5008	6339
5009	6342
5010	6348
5011	6352
5012	6353
5013	6354
5014	6361
5015	6380
5016	6381
5017	6382
5018	6385
5019	6398
5020	6422
5021	6423
5022	6427
5023	6433
5024	6445
5025	6447
5026	6449
5027	6450
5028	6452
5029	6453
5030	6454
5031	6455
5032	6459
5033	6466
5034	6468
5035	6469
5036	6470
5037	6471
5038	6475
5039	6476
5040	6478
5041	6482
5042	6487
5043	6495
5044	6499
5045	6509
5046	6510
5047	6512
5048	6516
5049	6518
5050	6519
5051	6521
5052	6522
5053	6523
5054	6524
5055	6525
5056	6528
5057	6529
5058	6530
5059	6531
5060	6532
5061	6533
5062	6534
5063	6535
5064	6536
5065	6549
5066	6550
5067	6551
5068	6554
5069	6555
5070	6556
5071	6557
5072	6558
5073	6559
5074	6560
5075	6561
5076	6562
5077	6563
5078	6564
5079	6565
5080	6566
5081	6567
5082	6568
5083	6569
5084	6570
5085	6571
5086	6572
5087	6573
5088	6574
5089	6575
5090	6576
5091	6578
5092	6580
5093	6583
5094	6586
5095	6618
5096	6626
5097	6629
5098	6631
5099	6632
5100	6634
5101	6636
5102	6654
5103	6670
5104	6675
5105	6676
5106	6677
5107	6684
5108	6685
5109	6686
5110	6695
5111	6696
5112	6697
5113	6699
5114	6700
5115	6701
5116	6702
5117	6703
5118	6704
5119	6705
5120	6706
5121	6707
5122	6708
5123	6709
5124	6710
5125	6711
5126	6714
5127	6716
5128	6717
5129	6718
5130	6719
5131	6724
5132	6725
5133	6726
5134	6728
5135	6730
5136	6735
5137	6736
5138	6737
5139	6738
5140	6739
5141	6740
5142	6741
5143	6746
5144	6750
5145	6751
5146	6757
5147	6758
5148	6765
5149	6767
5150	6768
5151	6770
5152	6771
5153	6773
5154	6774
5155	6775
5156	6776
5157	6777
5158	6778
5159	6779
5160	6780
5161	6781
5162	6782
5163	6783
5164	6784
5165	6785
5166	6786
5167	6787
5168	6790
5169	6791
5170	6796
5171	6797
5172	6802
5173	6803
5174	6806
5175	6807
5176	6808
5177	6809
5178	6812
5179	6813
5180	6814
5181	6815
5182	6816
5183	6817
5184	6818
5185	6819
5186	6820
5187	6821
5188	6822
5189	6823
5190	6824
5191	6825
5192	6826
5193	6827
5194	6828
5195	6838
5196	6839
5197	6845
5198	6847
5199	6848
5200	6849
5201	6850
5202	6851
5203	6852
5204	6853
5205	6854
5206	6855
5207	6856
5208	6857
5209	6858
5210	6859
5211	6860
5212	6861
5213	6862
5214	6863
5215	6864
5216	6865
5217	6866
5218	6867
5219	6868
5220	6869
5221	6870
5222	6871
5223	6872
5224	6873
5225	6874
5226	6875
5227	6876
5228	6877
5229	6878
5230	6879
5231	6880
5232	6881
5233	6882
5234	6883
5235	6884
5236	6885
5237	6886
5238	6887
5239	6888
5240	6889
5241	6890
5242	6891
5243	6892
5244	6893
5245	6904
5246	6913
5247	6916
5248	6919
5249	6923
5250	6929
5251	6930
5252	6936
5253	6941
5254	6944
5255	6955
5256	6960
5257	6961
5258	6964
5259	6965
5260	6966
5261	6967
5262	6968
5263	6969
5264	6970
5265	6971
5266	6972
5267	6973
5268	6974
5269	6975
5270	6976
5271	6977
5272	6978
5273	6979
5274	6992
5275	6994
5276	6996
5277	7001
5278	7010
5279	7036
5280	7040
5281	7062
5282	7079
5283	7101
5284	7112
5285	7120
5286	7122
5287	7123
5288	7124
5289	7125
5290	7126
5291	7127
5292	7128
5293	7129
5294	7130
5295	7131
5296	7132
5297	7133
5298	7134
5299	7135
5300	7136
5301	7137
5302	7138
5303	7139
5304	7140
5305	7141
5306	7142
5307	7156
5308	7174
5309	7176
5310	7178
5311	7180
5312	7182
5313	7184
5314	7189
5315	7210
5316	7218
5317	7225
5318	7226
5319	7227
5320	7297
5321	7307
5322	7308
5323	7309
5324	7314
5325	7319
5326	7320
5327	7323
5328	7324
5329	7325
5330	7326
5331	7327
5332	7328
5333	7329
5334	7330
5335	7331
5336	7371
5337	7374
5338	7379
5339	7389
5340	7396
5341	7401
5342	7405
5343	7409
5344	7410
5345	7425
5346	7437
5347	7441
5348	7449
5349	7450
5350	7453
5351	7457
5352	7459
5353	7461
5354	7469
5355	7472
5356	7474
5357	7490
5358	7526
5359	7549
5360	7907
5361	8008
5362	8018
5363	8030
5364	8033
5365	8037
5366	8038
5367	8039
5368	8040
5369	8042
5370	8044
5371	8046
5372	8048
5373	8050
5374	8051
5375	8052
5376	8053
5377	8054
5378	8055
5379	8056
5380	8057
5381	8058
5382	8062
5383	8065
5384	8066
5385	8072
5386	8073
5387	8074
5388	8077
5389	8078
5390	8079
5391	8080
5392	8081
5393	8082
5394	8086
5395	8087
5396	8088
5397	8089
5398	8090
5399	8091
5400	8092
5401	8093
5402	8094
5403	8095
5404	8096
5405	8098
5406	8099
5407	8100
5408	8101
5409	8102
5410	8103
5411	8104
5412	8106
5413	8107
5414	8109
5415	8110
5416	8111
5417	8113
5418	8114
5419	8116
5420	8118
5421	8119
5422	8122
5423	8124
5424	8126
5425	8128
5426	8129
5427	8130
5428	8131
5429	8132
5430	8133
5431	8134
5432	8135
5433	8136
5434	8137
5435	8138
5436	8139
5437	8145
5438	8146
5439	8147
5440	8150
5441	8151
5442	8156
5443	8157
5444	8158
5445	8159
5446	8161
5447	8162
5448	8163
5449	8164
5450	8165
5451	8166
5452	8229
5453	8230
5454	8231
5455	8232
5456	8235
5457	8236
5458	8237
5459	8239
5460	8240
5461	8241
5462	8242
5463	8243
5464	8244
5465	8245
5466	8246
5467	8247
5468	8248
5469	8249
5470	8250
5471	8251
5472	8252
5473	8253
5474	8254
5475	8255
5476	8256
5477	8257
5478	8258
5479	8259
5480	8260
5481	8261
5482	8262
5483	8263
5484	8264
5485	8265
5486	8266
5487	8267
5488	8268
5489	8269
5490	8270
5491	8271
5492	8272
5493	8273
5494	8274
5495	8275
5496	8276
5497	8277
5498	8278
5499	8279
5500	8280
5501	8281
5502	8287
5503	8289
5504	8291
5505	8298
5506	8300
5507	8301
5508	8302
5509	8306
5510	8307
5511	8311
5512	8312
5513	8315
5514	8318
5515	8319
5516	8320
5517	8321
5518	8322
5519	8325
5520	8326
5521	8327
5522	8329
5523	8331
5524	8332
5525	8333
5526	8334
5527	8336
5528	8337
5529	8339
5530	8341
5531	8342
5532	8345
5533	8346
5534	8347
5535	8350
5536	8351
5537	8353
5538	8354
5539	8355
5540	8356
5541	8357
5542	8358
5543	8360
5544	8362
5545	8365
5546	8366
5547	8367
5548	8368
5549	8370
5550	8372
5551	8373
5552	8374
5553	8375
5554	8376
5555	8377
5556	8378
5557	8379
5558	8380
5559	8381
5560	8384
5561	8385
5562	8386
5563	8387
5564	8388
5565	8395
5566	8396
5567	8397
5568	8398
5569	8404
5570	8405
5571	8407
5572	8409
5573	8410
5574	8412
5575	8414
5576	8415
5577	8417
5578	8418
5579	8419
5580	8420
5581	8423
5582	8425
5583	8426
5584	8429
5585	8433
5586	8434
5587	8436
5588	8438
5589	8439
5590	8440
5591	8442
5592	8443
5593	8444
5594	8445
5595	8450
5596	8454
5597	8456
5598	8457
5599	8458
5600	8460
5601	8467
5602	8468
5603	8469
5604	8470
5605	8471
5606	8472
5607	8474
5608	8475
5609	8477
5610	8479
5611	8480
5612	8481
5613	8482
5614	8483
5615	8484
5616	8485
5617	8517
5618	8518
5619	8524
5620	8525
5621	8526
5622	8527
5623	8528
5624	8529
5625	8530
5626	8531
5627	8532
5628	8533
5629	8534
5630	8535
5631	8536
5632	8538
5633	8539
5634	8540
5635	8541
5636	8542
5637	8543
5638	8544
5639	8545
5640	8546
5641	8547
5642	8548
5643	8549
5644	8550
5645	8551
5646	8552
5647	8553
5648	8554
5649	8555
5650	8556
5651	8561
5652	8562
5653	8564
5654	8579
5655	8581
5656	8583
5657	8584
5658	8585
5659	8586
5660	8587
5661	8588
5662	8592
5663	8593
5664	8594
5665	8595
5666	8596
5667	8600
5668	8601
5669	8603
5670	8605
5671	8606
5672	8607
5673	8612
5674	8614
5675	8615
5676	8616
5677	8620
5678	8622
5679	8623
5680	8624
5681	8625
5682	8626
5683	8627
5684	8628
5685	8629
5686	8630
5687	8631
5688	8643
5689	8644
5690	8645
5691	8646
5692	8648
5693	8649
5694	8650
5695	8651
5696	8652
5697	8653
5698	8654
5699	8655
5700	8656
5701	8657
5702	8658
5703	8659
5704	8660
5705	8663
5706	8664
5707	8665
5708	8666
5709	8667
5710	8668
5711	8669
5712	8681
5713	8683
5714	8684
5715	8685
5716	8688
5717	8689
5718	8690
5719	8691
5720	8692
5721	8694
5722	8695
5723	8696
5724	8699
5725	8702
5726	8703
5727	8704
5728	8705
5729	8706
5730	8707
5731	8711
5732	8715
5733	8718
5734	8728
5735	8730
5736	8731
5737	8732
5738	8735
5739	8736
5740	8737
5741	8738
5742	8739
5743	8740
5744	8741
5745	8747
5746	8750
5747	8751
5748	8752
5749	8753
5750	8755
5751	8760
5752	8763
5753	8765
5754	8771
5755	8772
5756	8774
5757	8775
5758	8776
5759	8777
5760	8778
5761	8779
5762	8781
5763	8786
5764	8788
5765	8794
5766	8795
5767	8800
5768	8805
5769	8806
5770	8807
5771	8808
5772	8809
5773	8810
5774	8811
5775	8812
5776	8813
5777	8814
5778	8815
5779	8816
5780	8817
5781	8818
5782	8819
5783	8820
5784	8822
5785	8823
5786	8824
5787	8825
5788	8826
5789	8827
5790	8828
5791	8829
5792	8830
5793	8831
5794	8832
5795	8835
5796	8836
5797	8837
5798	8838
5799	8840
5800	8842
5801	8844
5802	8845
5803	8846
5804	8847
5805	8849
5806	8850
5807	8851
5808	8852
5809	8853
5810	8854
5811	8855
5812	8856
5813	8857
5814	8858
5815	8860
5816	8861
5817	8865
5818	8866
5819	8867
5820	8868
5821	8869
5822	8870
5823	8871
5824	8872
5825	8873
5826	8874
5827	8875
5828	8876
5829	8877
5830	8878
5831	8879
5832	8880
5833	8881
5834	8882
5835	8883
5836	8884
5837	8885
5838	8886
5839	8887
5840	8888
5841	8889
5842	8890
5843	8894
5844	8895
5845	8896
5846	8897
5847	8898
5848	8899
5849	8900
5850	8901
5851	8902
5852	8903
5853	8904
5854	8905
5855	8906
5856	8909
5857	8910
5858	8911
5859	8912
5860	8913
5861	8915
5862	8917
5863	8919
5864	8920
5865	8922
5866	8924
5867	8926
5868	8927
5869	8928
5870	8929
5871	8930
5872	8931
5873	8932
5874	8933
5875	8934
5876	8935
5877	8936
5878	8937
5879	8938
5880	8939
5881	8940
5882	8941
5883	8942
5884	8945
5885	8951
5886	8952
5887	8953
5888	8954
5889	8955
5890	8960
5891	8961
5892	8962
5893	8964
5894	8965
5895	8966
5896	8968
5897	8969
5898	8970
5899	8971
5900	8975
5901	8976
5902	8977
5903	8983
5904	8984
5905	8985
5906	8986
5907	8987
5908	8988
5909	8990
5910	8991
5911	8992
5912	8993
5913	8994
5914	8995
5915	8996
5916	8997
5917	8998
5918	8999
5919	9000
5920	9001
5921	9003
5922	9008
5923	9009
5924	9010
5925	9011
5926	9012
5927	9013
5928	9014
5929	9015
5930	9016
5931	9017
5932	9019
5933	9020
5934	9021
5935	9022
5936	9024
5937	9026
5938	9027
5939	9028
5940	9029
5941	9031
5942	9118
5943	9119
5944	9122
5945	9123
5946	9124
5947	9125
5948	9126
5949	9127
5950	9128
5951	9129
5952	9130
5953	9131
5954	9134
5955	9135
5956	9136
5957	9137
5958	9138
5959	9139
5960	9140
5961	9141
5962	9142
5963	9143
5964	9144
5965	9145
5966	9146
5967	9147
5968	9148
5969	9149
5970	9150
5971	9151
5972	9152
5973	9153
5974	9154
5975	9155
5976	9156
5977	9157
5978	9158
5979	9159
5980	9160
5981	9161
5982	9162
5983	9163
5984	9164
5985	9165
5986	9167
5987	9168
5988	9169
5989	9172
5990	9211
5991	9212
5992	9213
5993	9214
5994	9215
5995	9216
5996	9217
5997	9218
5998	9219
5999	9220
6000	9221
6001	9222
6002	9223
6003	9224
6004	9225
6005	9226
6006	9227
6007	9228
6008	9229
6009	9230
6010	9231
6011	9232
6012	9233
6013	9234
6014	9235
6015	9236
6016	9237
6017	9238
6018	9239
6019	9240
6020	9241
6021	9242
6022	9243
6023	9244
6024	9245
6025	9246
6026	9247
6027	9248
6028	9249
6029	9250
6030	9251
6031	9252
6032	9253
6033	9254
6034	9255
6035	9256
6036	9257
6037	9258
6038	9259
6039	9260
6040	9261
6041	9262
6042	9263
6043	9264
6044	9265
6045	9266
6046	9267
6047	9268
6048	9269
6049	9270
6050	9271
6051	9272
6052	9273
6053	9274
6054	9275
6055	9276
6056	9277
6057	9279
6058	9280
6059	9281
6060	9282
6061	9283
6062	9284
6063	9285
6064	9286
6065	9287
6066	9288
6067	9289
6068	9290
6069	9291
6070	9292
6071	9293
6072	9294
6073	9295
6074	9296
6075	9297
6076	9298
6077	9299
6078	9300
6079	9301
6080	9302
6081	9303
6082	9304
6083	9305
6084	9306
6085	9307
6086	9308
6087	9309
6088	9310
6089	9311
6090	9312
6091	9315
6092	9316
6093	9317
6094	9318
6095	9319
6096	9320
6097	9321
6098	9322
6099	9323
6100	9324
6101	9325
6102	9326
6103	9327
6104	9328
6105	9329
6106	9330
6107	9331
6108	9333
6109	9335
6110	9336
6111	9337
6112	9338
6113	9339
6114	9340
6115	9341
6116	9342
6117	9343
6118	9344
6119	9345
6120	9346
6121	9347
6122	9348
6123	9349
6124	9350
6125	9352
6126	9353
6127	9354
6128	9355
6129	9356
6130	9357
6131	9358
6132	9359
6133	9360
6134	9361
6135	9362
6136	9363
6137	9364
6138	9365
6139	9366
6140	9367
6141	9368
6142	9372
6143	9373
6144	9374
6145	9377
6146	9378
6147	9379
6148	9380
6149	9382
6150	9383
6151	9386
6152	9387
6153	9388
6154	9389
6155	9390
6156	9392
6157	9393
6158	9395
6159	9401
6160	9403
6161	9404
6162	9405
6163	9406
6164	9407
6165	9409
6166	9410
6167	9414
6168	9419
6169	9420
6170	9421
6171	9424
6172	9426
6173	9427
6174	9428
6175	9431
6176	9432
6177	9439
6178	9442
6179	9443
6180	9447
6181	9452
6182	9457
6183	9463
6184	9470
6185	9471
6186	9472
6187	9473
6188	9508
6189	9511
6190	9512
6191	9531
6192	9559
6193	9564
6194	9565
6195	9566
6196	9570
6197	9571
6198	9573
6199	9574
6200	9625
6201	9628
6202	9633
6203	9634
6204	9636
6205	9637
6206	9638
6207	9639
6208	9640
6209	9641
6210	9644
6211	9647
6212	9648
6213	9651
6214	9653
6215	9655
6216	9659
6217	9660
6218	9664
6219	9666
6220	9667
6221	9668
6222	9669
6223	9670
6224	9671
6225	9672
6226	9688
6227	9691
6228	9692
6229	9696
6230	9697
6231	9698
6232	9699
6233	9700
6234	9701
6235	9704
6236	9761
6237	9763
6238	9767
6239	9773
6240	9799
6241	10017
6242	10020
6243	10091
6244	10092
6245	10093
6246	10094
6247	10100
6248	10101
6249	10102
6250	10104
6251	10376
6252	10377
6253	10378
6254	10379
6255	10380
6256	10381
6257	10382
6258	10383
6259	10384
6260	10385
6261	10386
6262	10387
6263	10388
6264	10389
6265	10390
6266	10391
6267	10392
6268	10393
6269	10394
6270	10395
6271	10396
6272	10397
6273	10398
6274	10399
6275	10400
6276	10401
6277	10402
6278	10403
6279	10404
6280	10405
6281	10406
6282	10407
6283	10408
6284	10409
6285	10410
6286	10411
6287	10412
6288	10413
6289	10414
6290	10415
6291	10416
6292	10417
6293	10418
6294	10419
6295	10420
6296	10421
6297	10422
6298	10423
6299	10424
6300	10425
6301	10426
6302	10427
6303	10428
6304	10429
6305	10430
6306	10431
6307	10432
6308	10433
6309	10434
6310	10435
6311	10436
6312	10437
6313	10438
6314	10439
6315	10440
6316	10441
6317	10442
6318	10443
6319	10444
6320	10445
6321	10446
6322	10447
6323	10448
6324	10449
6325	10450
6326	10451
6327	10452
6328	10453
6329	10454
6330	10455
6331	10456
6332	10457
6333	10458
6334	10459
6335	10460
6336	10461
6337	10462
6338	10463
6339	10464
6340	10465
6341	10466
6342	10467
6343	10468
6344	10469
6345	10470
6346	10471
6347	10472
6348	10473
6349	10474
6350	10475
6351	10476
6352	10477
6353	10478
6354	10479
6355	10480
6356	10481
6357	10482
6358	10483
6359	10484
6360	10485
6361	10486
6362	10487
6363	10488
6364	10489
6365	10490
6366	10491
6367	10492
6368	10493
6369	10494
6370	10495
6371	10496
6372	10497
6373	10498
6374	10499
6375	10500
6376	10501
6377	10502
6378	10503
6379	10504
6380	10505
6381	10506
6382	10507
6383	10508
6384	10509
6385	10510
6386	10511
6387	10512
6388	10513
6389	10514
6390	10515
6391	10516
6392	10517
6393	10518
6394	10519
6395	10520
6396	10521
6397	10522
6398	10523
6399	10524
6400	10525
6401	10526
6402	10527
6403	10528
6404	10529
6405	10530
6406	10531
6407	10532
6408	10533
6409	10534
6410	10535
6411	10536
6412	10537
6413	10538
6414	10539
6415	10540
6416	10541
6417	10542
6418	10543
6419	10544
6420	10545
6421	10546
6422	10547
6423	10548
6424	10549
6425	10550
6426	10551
6427	10552
6428	10553
6429	10554
6430	10555
6431	10556
6432	10557
6433	10558
6434	10559
6435	10560
6436	10561
6437	10562
6438	10563
6439	10564
6440	10565
6441	10566
6442	10567
6443	10568
6444	10569
6445	10570
6446	10571
6447	10572
6448	10573
6449	10574
6450	10575
6451	10576
6452	10577
6453	10578
6454	10579
6455	10580
6456	10581
6457	10582
6458	10583
6459	10584
6460	10585
6461	10586
6462	10587
6463	10588
6464	10589
6465	10590
6466	10591
6467	10592
6468	10593
6469	10594
6470	10595
6471	10596
6472	10597
6473	10598
6474	10599
6475	10600
6476	10601
6477	10602
6478	10603
6479	10604
6480	10605
6481	10606
6482	10607
6483	10608
6484	10609
6485	10610
6486	10611
6487	10612
6488	10613
6489	10614
6490	10615
6491	10616
6492	10617
6493	10860
6494	10926
6495	10939
6496	10942
6497	10949
6498	11005
6499	11008
6500	11011
6501	11014
6502	11017
6503	11019
6504	11025
6505	11026
6506	11027
6507	11030
6508	11038
6509	11039
6510	11042
6511	11045
6512	11047
6513	11049
6514	11060
6515	11063
6516	11072
6517	11073
6518	11080
6519	11083
6520	11086
6521	11097
6522	11106
6523	11109
6524	11116
6525	11144
6526	11148
6527	11159
6528	11164
6529	11169
6530	11202
6531	11207
6532	11208
6533	11211
6534	11212
6535	11217
6536	11218
6537	11219
6538	11220
6539	11221
6540	11222
6541	11223
6542	11224
6543	11225
6544	11226
6545	11227
6546	11228
6547	11229
6548	11230
6549	11231
6550	11232
6551	11233
6552	11234
6553	11235
6554	11236
6555	11237
6556	11238
6557	11239
6558	11240
6559	11241
6560	11242
6561	11243
6562	11244
6563	11245
6564	11246
6565	11247
6566	11248
6567	11249
6568	11250
6569	11251
6570	11252
6571	11253
6572	11254
6573	11255
6574	11256
6575	11257
6576	11258
6577	11277
6578	11278
6579	11321
6580	11322
6581	11323
6582	11324
6583	11325
6584	11326
6585	11327
6586	11328
6587	11329
6588	11330
6589	11331
6590	11332
6591	11333
6592	11334
6593	11335
6594	11336
6595	11337
6596	11340
6597	11343
6598	11345
6599	11349
6600	11353
6601	11354
6602	11358
6603	11361
6604	11366
6605	11367
6606	11368
6607	11369
6608	11370
6609	11371
6610	11372
6611	11373
6612	11374
6613	11375
6614	11376
6615	11377
6616	11378
6617	11379
6618	11380
6619	11381
6620	11382
6621	11383
6622	11386
6623	11387
6624	11388
6625	11389
6626	11391
6627	11394
6628	11395
6629	11396
6630	11397
6631	11398
6632	11399
6633	11400
6634	11401
6635	11402
6636	11403
6637	11404
6638	11405
6639	11407
6640	11408
6641	11409
6642	11410
6643	11411
6644	11412
6645	11413
6646	11414
6647	11415
6648	11416
6649	11417
6650	11418
6651	11419
6652	11420
6653	11421
6654	11422
6655	11423
6656	11424
6657	11605
6658	11606
6659	11607
6660	11609
6661	11612
6662	11614
6663	11617
6664	11618
6665	11624
6666	11625
6667	11626
6668	11627
6669	11633
6670	11639
6671	11640
6672	11641
6673	11642
6674	11643
6675	11645
6676	11654
6677	11657
6678	11665
6679	11666
6680	11667
6681	11668
6682	11669
6683	11674
6684	11675
6685	11676
6686	11677
6687	11678
6688	11679
6689	11680
6690	11681
6691	11682
6692	11683
6693	11685
6694	11686
6695	11687
6696	11690
6697	11691
6698	11746
6699	11747
6700	11751
6701	11752
6702	11754
6703	11755
6704	11757
6705	11759
6706	11761
6707	11763
6708	11765
6709	11766
6710	11768
6711	11769
6712	11773
6713	11775
6714	11780
6715	11784
6716	11788
6717	11789
6718	11793
6719	11797
6720	11799
6721	11838
6722	11841
6723	11844
6724	11847
6725	11852
6726	11856
6727	11860
6728	11864
6729	11866
6730	11867
6731	11870
6732	11871
6733	11873
6734	11874
6735	11878
6736	11882
6737	11884
6738	11888
6739	11891
6740	11895
6741	11898
6742	11899
6743	11901
6744	11904
6745	11905
6746	11907
6747	11910
6748	11912
6749	11922
6750	11923
6751	11941
6752	11945
6753	11946
6754	11947
6755	11948
6756	11950
6757	11952
6758	11953
6759	11954
6760	11956
6761	11966
6762	11967
6763	11973
6764	11975
6765	11976
6766	11977
6767	11980
6768	11982
6769	11983
6770	11985
6771	11987
6772	11989
6773	11991
6774	11996
6775	11997
6776	11998
6777	12000
6778	12001
6779	12003
6780	12005
6781	12008
6782	12011
6783	12014
6784	12018
6785	12027
6786	12029
6787	12031
6788	12032
6789	12035
6790	12036
6791	12038
6792	12040
6793	12041
6794	12043
6795	12044
6796	12045
6797	12047
6798	12059
6799	12062
6800	12065
6801	12072
6802	12075
6803	12078
6804	12101
6805	12110
6806	12113
6807	12114
6808	12115
6809	12118
6810	12122
6811	12127
6812	12137
6813	12139
6814	12141
6815	12143
6816	12144
6817	12145
6818	12147
6819	12148
6820	12149
6821	12151
6822	12160
6823	12166
6824	12174
6825	12331
6826	12341
6827	12342
6828	12343
6829	12345
6830	12348
6831	12351
6832	12352
6833	12358
6834	12364
6835	12379
6836	12380
6837	12381
6838	12382
6839	12383
6840	12384
6841	12385
6842	12386
6843	12390
6844	12397
6845	12398
6846	12412
6847	12415
6848	12419
6849	12420
6850	12422
6851	12424
6852	12425
6853	12427
6854	12429
6855	12430
6856	12432
6857	12435
6858	12436
6859	12439
6860	12442
6861	12443
6862	12445
6863	12448
6864	12454
6865	12456
6866	12470
6867	12471
6868	12474
6869	12677
6870	12681
6871	12682
6872	12683
6873	12720
6874	12726
6875	12727
6876	12731
6877	12732
6878	12733
6879	12735
6880	12739
6881	12742
6882	12760
6883	12761
6884	12762
6885	12763
6886	12764
6887	12769
6888	12770
6889	12775
6890	12777
6891	12785
6892	12786
6893	12793
6894	12796
6895	12801
6896	12803
6897	12806
6898	12807
6899	12808
6900	12809
6901	12812
6902	12813
6903	12814
6904	12815
6905	12816
6906	12817
6907	12818
6908	12819
6909	12820
6910	12821
6911	12822
6912	12823
6913	12824
6914	12825
6915	12826
6916	12827
6917	12828
6918	12829
6919	12830
6920	12831
6921	12832
6922	12833
6923	12834
6924	12835
6925	12836
6926	12837
6927	12838
6928	12839
6929	12840
6930	12841
6931	12842
6932	12843
6933	12844
6934	12845
6935	12846
6936	12847
6937	12848
6938	12849
6939	12850
6940	12851
6941	12852
6942	12853
6943	12854
6944	12857
6945	12858
6946	12859
6947	12860
6948	12861
6949	12862
6950	12863
6951	12864
6952	12865
6953	12866
6954	12867
6955	12868
6956	12869
6957	12870
6958	12871
6959	12872
6960	12873
6961	12874
6962	12875
6963	12876
6964	12877
6965	12878
6966	12879
6967	12880
6968	12881
6969	12882
6970	12883
6971	12884
6972	12885
6973	12886
6974	12887
6975	12888
6976	12889
6977	12890
6978	12891
6979	12892
6980	12893
6981	12894
6982	12895
6983	12896
6984	12897
6985	12898
6986	12899
6987	12901
6988	12902
6989	12903
6990	12904
6991	12905
6992	12906
6993	12907
6994	12908
6995	12909
6996	12910
6997	12911
6998	12912
6999	12913
7000	12914
7001	12915
7002	12916
7003	12917
7004	12918
7005	12919
7006	12920
7007	12921
7008	12922
7009	12923
7010	12924
7011	12925
7012	12926
7013	12927
7014	12928
7015	12929
7016	12930
7017	12931
7018	12932
7019	12933
7020	12934
7021	12935
7022	12936
7023	12937
7024	12938
7025	12939
7026	12940
7027	12941
7028	12942
7029	12943
7030	12944
7031	12945
7032	12946
7033	12947
7034	12948
7035	12949
7036	12950
7037	12951
7038	12952
7039	12953
7040	12954
7041	12955
7042	12957
7043	12958
7044	12959
7045	12960
7046	12961
7047	12962
7048	12963
7049	12964
7050	12965
7051	12968
7052	12969
7053	12970
